{
  "cfg3": {
    "V": 4,
    "T": 8,
    "da": 12,
    "Kr": 3,
    "du": 8,
    "Ka": 5,
    "ds": 16,
    "beta_det": 1.0,
    "q_c": 0.95,
    "gamma_u": 1.0,
    "gamma_p": 1.0,
    "gamma_pi": 1.0,
    "gamma_alpha": 1.0,
    "tau0_view": 0.0,
    "lambda_alpha": 1.0,
    "lambda_sens": 1.0,
    "lambda_risk": 1.0,
    "delta": null
  },
  "p_det": 0.4587033987045288,
  "tau_x": -0.0024635407608002424,
  "y_hat": [
    0.5406224131584167,
    0.5205851197242737,
    0.4662158191204071,
    0.5039674639701843,
    0.540054440498352
  ],
  "I_view": [
    false,
    false,
    false,
    false
  ],
  "J_view": [
    [],
    [],
    [],
    []
  ],
  "flag_unknown": 0.0,
  "debug": {
    "s_score": -0.16802698373794556,
    "tau_c": 0.0,
    "E_view": [
      0.0,
      0.0,
      0.0,
      0.0
    ]
  }
}