{
  "alpha": [
    0.5,
    0.5
  ],
  "pi": [
    0.20675571262836456,
    0.25698167085647583,
    0.22624213993549347,
    0.3100205361843109
  ],
  "B_x": [
    [
      0.015240931883454323,
      -0.004010101780295372,
      0.011172467842698097,
      0.009251447394490242,
      -0.0070146252401173115,
      0.003581782802939415,
      -0.002603026106953621,
      -0.00492859398946166,
      0.0028090111445635557,
      -0.0012324713170528412,
      -0.005850108340382576,
      -0.00715492432937026,
      0.022258900105953217,
      -0.0009440549183636904,
      -0.004748583305627108,
      -0.006743705365806818
    ],
    [
      -0.004336849320679903,
      -0.0058185746893286705,
      0.011722801253199577,
      0.01649744249880314,
      -0.00987430103123188,
      -0.007413757033646107,
      -0.00415952131152153,
      0.009168324992060661,
      0.004408344626426697,
      -0.011640941724181175,
      -0.014458595775067806,
      0.001646355725824833,
      -0.008972014300525188,
      0.005317339673638344,
      -0.007334887981414795,
      -0.0013744928874075413
    ],
    [
      0.003966127522289753,
      -0.001434082631021738,
      0.0043585654348134995,
      -0.003164664376527071,
      -0.0038344115018844604,
      0.007017375435680151,
      0.0011574471136555076,
      0.0013799192383885384,
      -0.001764361746609211,
      -0.006748523563146591,
      0.008097589015960693,
      -0.007917333394289017,
      0.0063293008133769035,
      -0.006685531698167324,
      0.004462550859898329,
      0.009471707046031952
    ],
    [
      0.009141353890299797,
      0.0013938331976532936,
      -0.010297076776623726,
      -0.015476551838219166,
      -0.009076958522200584,
      -0.00873712170869112,
      -0.005292336922138929,
      -0.0005950476042926311,
      0.004458778537809849,
      -0.024494145065546036,
      0.024854477494955063,
      0.019355472177267075,
      0.012960574589669704,
      0.006407525390386581,
      0.002511376515030861,
      0.013428570702672005
    ],
    [
      0.004162558354437351,
      -0.010881718248128891,
      -0.010459198616445065,
      -0.0012106383219361305,
      -0.021927224472165108,
      0.001875713118351996,
      -0.008487826213240623,
      -0.023468051105737686,
      -0.008732271380722523,
      -0.024971071630716324,
      0.0031174547038972378,
      -0.0037666172720491886,
      0.0026953918859362602,
      0.00416972953826189,
      -0.002014502417296171,
      -0.004166468046605587
    ],
    [
      0.0028829704970121384,
      0.008283543400466442,
      0.002947272500023246,
      0.012616429477930069,
      0.003485855646431446,
      0.004202282987535,
      -0.005047183949500322,
      0.0023514258209615946,
      -0.0062070488929748535,
      0.003439339343458414,
      -0.020231541246175766,
      -0.016297491267323494,
      0.005060682073235512,
      -0.006481417454779148,
      -0.004477593116462231,
      -0.0001692008227109909
    ],
    [
      -0.005123060662299395,
      0.011258269660174847,
      -0.0047461241483688354,
      -0.002692699432373047,
      -0.010229937732219696,
      0.00692506181076169,
      0.0014628341887146235,
      -0.0030275657773017883,
      -0.008801004849374294,
      -0.004185130819678307,
      -0.01268995925784111,
      0.008810414001345634,
      0.011985034681856632,
      0.01139051653444767,
      -0.004554945044219494,
      -0.005741523113101721
    ],
    [
      -0.001069145044311881,
      0.02365274168550968,
      0.0015023434534668922,
      -0.0025382908061146736,
      -0.01213480718433857,
      0.010108868591487408,
      -0.01125324610620737,
      -0.031479835510253906,
      0.00372142530977726,
      -0.001981713343411684,
      -0.019663281738758087,
      -0.0030483147129416466,
      -0.00769792078062892,
      -0.00522527564316988,
      -0.014453044161200523,
      -0.001655640546232462
    ]
  ],
  "Z": [
    0.012851574458181858,
    0.0002195249981014058,
    0.014217502437531948,
    0.030182505026459694,
    0.02658788301050663,
    0.0015062392922118306,
    0.012880075722932816,
    0.01846836321055889
  ],